시도,군구,관광지,구분,세부구분,내/외국인,총계(2010.01 ~ 2019.09),2010년,,,,,,,,,,,,,2011년,,,,,,,,,,,,,2012년,,,,,,,,,,,,,2013년,,,,,,,,,,,,,2014년,,,,,,,,,,,,,2015년,,,,,,,,,,,,,2016년,,,,,,,,,,,,,2017년,,,,,,,,,,,,,2018년,,,,,,,,,,,,,2019년,,,,,,,,,,
,,,,,,,인원계,2010년 01월,2010년 02월,2010년 03월,2010년 04월,2010년 05월,2010년 06월,2010년 07월,2010년 08월,2010년 09월,2010년 10월,2010년 11월,2010년 12월,인원계,2011년 01월,2011년 02월,2011년 03월,2011년 04월,2011년 05월,2011년 06월,2011년 07월,2011년 08월,2011년 09월,2011년 10월,2011년 11월,2011년 12월,인원계,2012년 01월,2012년 02월,2012년 03월,2012년 04월,2012년 05월,2012년 06월,2012년 07월,2012년 08월,2012년 09월,2012년 10월,2012년 11월,2012년 12월,인원계,2013년 01월,2013년 02월,2013년 03월,2013년 04월,2013년 05월,2013년 06월,2013년 07월,2013년 08월,2013년 09월,2013년 10월,2013년 11월,2013년 12월,인원계,2014년 01월,2014년 02월,2014년 03월,2014년 04월,2014년 05월,2014년 06월,2014년 07월,2014년 08월,2014년 09월,2014년 10월,2014년 11월,2014년 12월,인원계,2015년 01월,2015년 02월,2015년 03월,2015년 04월,2015년 05월,2015년 06월,2015년 07월,2015년 08월,2015년 09월,2015년 10월,2015년 11월,2015년 12월,인원계,2016년 01월,2016년 02월,2016년 03월,2016년 04월,2016년 05월,2016년 06월,2016년 07월,2016년 08월,2016년 09월,2016년 10월,2016년 11월,2016년 12월,인원계,2017년 01월,2017년 02월,2017년 03월,2017년 04월,2017년 05월,2017년 06월,2017년 07월,2017년 08월,2017년 09월,2017년 10월,2017년 11월,2017년 12월,인원계,2018년 01월,2018년 02월,2018년 03월,2018년 04월,2018년 05월,2018년 06월,2018년 07월,2018년 08월,2018년 09월,2018년 10월,2018년 11월,2018년 12월,인원계,2019년 01월,2019년 02월,2019년 03월,2019년 04월,2019년 05월,2019년 06월,2019년 07월,2019년 08월,2019년 09월,
부산광역시,중구,용두산공원,무료,추정,내국인,"7,173,861","2,344,527","154,031","130,667","166,020","200,212","206,180","201,979","226,881","203,490","204,789","295,147","170,620","184,511","2,403,666","157,115","130,730","167,919","201,345","207,503","202,554","246,817","204,087","216,255","308,818","172,324","188,199","2,425,668","161,701","132,262","171,045","203,370","208,692","204,200","248,093","204,347","218,275","309,654","172,748","191,281",-,-,-,-,-,-,-,-,-,-,-,-,-,-,-,-,-,-,-,-,-,-,-,-,-,-,-,-,-,-,-,-,-,-,-,-,-,-,-,-,-,-,-,-,-,-,-,-,-,-,-,-,-,-,-,-,-,-,-,-,-,-,-,-,-,-,-,-,-,-,-,-,-,-,-,-,-,-,-,-,-,-,-,-,-,-,-,-,
부산광역시,중구,용두산공원,무료,추정,합계,"7,173,861","2,344,527","154,031","130,667","166,020","200,212","206,180","201,979","226,881","203,490","204,789","295,147","170,620","184,511","2,403,666","157,115","130,730","167,919","201,345","207,503","202,554","246,817","204,087","216,255","308,818","172,324","188,199","2,425,668","161,701","132,262","171,045","203,370","208,692","204,200","248,093","204,347","218,275","309,654","172,748","191,281",-,-,-,-,-,-,-,-,-,-,-,-,-,-,-,-,-,-,-,-,-,-,-,-,-,-,-,-,-,-,-,-,-,-,-,-,-,-,-,-,-,-,-,-,-,-,-,-,-,-,-,-,-,-,-,-,-,-,-,-,-,-,-,-,-,-,-,-,-,-,-,-,-,-,-,-,-,-,-,-,-,-,-,-,-,-,-,-,
부산광역시,영도구,태종대 관광지,유료,측정,내국인,"616,672",-,-,-,-,-,-,-,-,-,-,-,-,-,-,-,-,-,-,-,-,-,-,-,-,-,-,-,-,-,-,-,-,-,-,-,-,-,-,-,-,-,-,-,-,-,-,-,-,-,-,-,-,-,-,-,-,-,-,-,-,-,-,-,-,-,-,-,-,-,-,-,-,-,-,-,-,-,-,-,-,-,-,-,-,-,-,-,-,-,-,-,-,-,-,-,-,-,-,-,-,-,-,-,-,-,-,-,-,-,-,-,-,-,-,-,-,-,"616,672","61,547","68,404","67,183","69,397","78,602","80,509","65,257","84,592","41,181",
부산광역시,영도구,태종대 관광지,유료,측정,내국인,"4,598,908",-,-,-,-,-,-,-,-,-,-,-,-,-,-,-,-,-,-,-,-,-,-,-,-,-,-,-,-,-,-,-,-,-,-,-,-,-,-,-,-,-,-,-,-,-,-,-,-,-,-,-,-,"1,041,515","80,313","69,495","57,711","83,386","102,848","97,679","103,519","114,632","78,491","97,130","79,173","77,138","673,414",-,-,-,"71,261","95,072","58,696","78,087","96,881","61,414","83,090","50,146","78,767","949,135","88,135","88,460","59,894","85,582","86,889","72,321","85,317","113,101","52,552","71,513","63,463","81,908","1,083,127","94,014","91,461","68,296","99,548","121,269","113,258","90,937","103,279","67,865","99,410","70,972","62,818","851,717","60,728","55,749","61,507","80,214","77,180","77,154","73,943","80,982","62,480","89,862","66,745","65,173",-,-,-,-,-,-,-,-,-,-,
부산광역시,영도구,태종대 관광지,유료,측정,외국인,0,-,-,-,-,-,-,-,-,-,-,-,-,-,-,-,-,-,-,-,-,-,-,-,-,-,-,-,-,-,-,-,-,-,-,-,-,-,-,-,-,-,-,-,-,-,-,-,-,-,-,-,-,0,0,0,0,0,0,0,0,0,0,0,0,0,0,-,-,-,0,0,0,0,0,0,0,0,0,0,0,0,0,0,0,0,0,0,0,0,0,0,0,0,0,0,0,0,0,0,0,0,0,0,0,0,0,0,0,0,0,0,0,0,0,0,0,0,-,-,-,-,-,-,-,-,-,-,
부산광역시,영도구,태종대 관광지,유료,측정,합계,"5,215,580",-,-,-,-,-,-,-,-,-,-,-,-,-,-,-,-,-,-,-,-,-,-,-,-,-,-,-,-,-,-,-,-,-,-,-,-,-,-,-,-,-,-,-,-,-,-,-,-,-,-,-,-,"1,041,515","80,313","69,495","57,711","83,386","102,848","97,679","103,519","114,632","78,491","97,130","79,173","77,138","673,414",-,-,-,"71,261","95,072","58,696","78,087","96,881","61,414","83,090","50,146","78,767","949,135","88,135","88,460","59,894","85,582","86,889","72,321","85,317","113,101","52,552","71,513","63,463","81,908","1,083,127","94,014","91,461","68,296","99,548","121,269","113,258","90,937","103,279","67,865","99,410","70,972","62,818","851,717","60,728","55,749","61,507","80,214","77,180","77,154","73,943","80,982","62,480","89,862","66,745","65,173","616,672","61,547","68,404","67,183","69,397","78,602","80,509","65,257","84,592","41,181",
부산광역시,영도구,태종대 관광지,무료,추정,내국인,"5,455,906","1,603,723","131,556","93,309","82,034","125,890","159,409","118,070","153,617","208,133","129,069","143,497","119,228","139,911","1,858,273","159,692","154,621","126,519","161,468","199,826","134,112","158,902","233,359","125,130","164,216","113,288","127,140","1,993,910","146,600","152,907","132,508","165,291","193,075","168,610","184,466","246,532","130,830","188,660","145,403","139,028",-,-,-,-,-,-,-,-,-,-,-,-,-,-,-,-,-,-,-,-,-,-,-,-,-,-,-,-,-,-,-,-,-,-,-,-,-,-,-,-,-,-,-,-,-,-,-,-,-,-,-,-,-,-,-,-,-,-,-,-,-,-,-,-,-,-,-,-,-,-,-,-,-,-,-,-,-,-,-,-,-,-,-,-,-,-,-,-,
부산광역시,영도구,태종대 관광지,무료,추정,합계,"5,455,906","1,603,723","131,556","93,309","82,034","125,890","159,409","118,070","153,617","208,133","129,069","143,497","119,228","139,911","1,858,273","159,692","154,621","126,519","161,468","199,826","134,112","158,902","233,359","125,130","164,216","113,288","127,140","1,993,910","146,600","152,907","132,508","165,291","193,075","168,610","184,466","246,532","130,830","188,660","145,403","139,028",-,-,-,-,-,-,-,-,-,-,-,-,-,-,-,-,-,-,-,-,-,-,-,-,-,-,-,-,-,-,-,-,-,-,-,-,-,-,-,-,-,-,-,-,-,-,-,-,-,-,-,-,-,-,-,-,-,-,-,-,-,-,-,-,-,-,-,-,-,-,-,-,-,-,-,-,-,-,-,-,-,-,-,-,-,-,-,-,
부산광역시,부산진구,어린이대공원,무료,추정,내국인,"8,658,590","3,472,570","313,221","263,514","195,150","280,352","550,771","251,828","274,568","301,426","297,311","367,760","248,754","127,915","2,693,328","92,958","124,988","186,140","275,797","471,269","231,833","235,113","212,257","188,668","297,889","243,179","133,237","2,492,692","115,439","146,737","221,283","279,794","401,517","280,025","178,347","158,325","149,670","256,857","202,487","102,211",-,-,-,-,-,-,-,-,-,-,-,-,-,-,-,-,-,-,-,-,-,-,-,-,-,-,-,-,-,-,-,-,-,-,-,-,-,-,-,-,-,-,-,-,-,-,-,-,-,-,-,-,-,-,-,-,-,-,-,-,-,-,-,-,-,-,-,-,-,-,-,-,-,-,-,-,-,-,-,-,-,-,-,-,-,-,-,-,
부산광역시,부산진구,어린이대공원,무료,추정,합계,"8,658,590","3,472,570","313,221","263,514","195,150","280,352","550,771","251,828","274,568","301,426","297,311","367,760","248,754","127,915","2,693,328","92,958","124,988","186,140","275,797","471,269","231,833","235,113","212,257","188,668","297,889","243,179","133,237","2,492,692","115,439","146,737","221,283","279,794","401,517","280,025","178,347","158,325","149,670","256,857","202,487","102,211",-,-,-,-,-,-,-,-,-,-,-,-,-,-,-,-,-,-,-,-,-,-,-,-,-,-,-,-,-,-,-,-,-,-,-,-,-,-,-,-,-,-,-,-,-,-,-,-,-,-,-,-,-,-,-,-,-,-,-,-,-,-,-,-,-,-,-,-,-,-,-,-,-,-,-,-,-,-,-,-,-,-,-,-,-,-,-,-,
부산광역시,동래구,충렬사,유료,측정,내국인,"15,346","15,346","1,579","1,170","1,970","2,770","5,083","2,774",-,-,-,-,-,-,-,-,-,-,-,-,-,-,-,-,-,-,-,-,-,-,-,-,-,-,-,-,-,-,-,-,-,-,-,-,-,-,-,-,-,-,-,-,-,-,-,-,-,-,-,-,-,-,-,-,-,-,-,-,-,-,-,-,-,-,-,-,-,-,-,-,-,-,-,-,-,-,-,-,-,-,-,-,-,-,-,-,-,-,-,-,-,-,-,-,-,-,-,-,-,-,-,-,-,-,-,-,-,-,-,-,-,-,-,-,-,-,-,-,
부산광역시,동래구,충렬사,유료,측정,외국인,516,516,0,0,8,223,179,106,-,-,-,-,-,-,-,-,-,-,-,-,-,-,-,-,-,-,-,-,-,-,-,-,-,-,-,-,-,-,-,-,-,-,-,-,-,-,-,-,-,-,-,-,-,-,-,-,-,-,-,-,-,-,-,-,-,-,-,-,-,-,-,-,-,-,-,-,-,-,-,-,-,-,-,-,-,-,-,-,-,-,-,-,-,-,-,-,-,-,-,-,-,-,-,-,-,-,-,-,-,-,-,-,-,-,-,-,-,-,-,-,-,-,-,-,-,-,-,-,
부산광역시,동래구,충렬사,유료,측정,합계,"15,862","15,862","1,579","1,170","1,978","2,993","5,262","2,880",-,-,-,-,-,-,-,-,-,-,-,-,-,-,-,-,-,-,-,-,-,-,-,-,-,-,-,-,-,-,-,-,-,-,-,-,-,-,-,-,-,-,-,-,-,-,-,-,-,-,-,-,-,-,-,-,-,-,-,-,-,-,-,-,-,-,-,-,-,-,-,-,-,-,-,-,-,-,-,-,-,-,-,-,-,-,-,-,-,-,-,-,-,-,-,-,-,-,-,-,-,-,-,-,-,-,-,-,-,-,-,-,-,-,-,-,-,-,-,-,
부산광역시,동래구,이주홍 문학관,무료,측정,내국인,"4,476",-,-,-,-,-,-,-,-,-,-,-,-,-,-,-,-,-,-,-,-,-,-,-,-,-,-,-,-,-,-,-,-,-,-,-,-,-,-,-,-,-,-,-,-,-,-,-,-,-,-,-,-,-,-,-,-,-,-,-,-,-,-,-,-,-,-,-,-,-,-,-,-,-,-,-,-,-,-,-,-,-,-,-,-,-,-,-,-,-,-,-,-,-,-,-,-,-,-,-,-,-,-,-,-,-,-,-,-,-,-,-,-,-,-,-,-,-,"4,476",195,177,239,425,783,524,803,870,460,
부산광역시,동래구,이주홍 문학관,무료,측정,합계,"4,476",-,-,-,-,-,-,-,-,-,-,-,-,-,-,-,-,-,-,-,-,-,-,-,-,-,-,-,-,-,-,-,-,-,-,-,-,-,-,-,-,-,-,-,-,-,-,-,-,-,-,-,-,-,-,-,-,-,-,-,-,-,-,-,-,-,-,-,-,-,-,-,-,-,-,-,-,-,-,-,-,-,-,-,-,-,-,-,-,-,-,-,-,-,-,-,-,-,-,-,-,-,-,-,-,-,-,-,-,-,-,-,-,-,-,-,-,-,"4,476",195,177,239,425,783,524,803,870,460,
부산광역시,동래구,충렬사,무료,측정,내국인,"1,252,115","259,056",-,-,-,-,-,-,"25,538","19,544","22,166","59,546","70,784","61,478","496,297","28,544","31,665","40,214","45,153","44,414","44,892","32,107","31,801","32,804","55,461","55,029","54,213","496,762","34,951","25,447","34,603","45,448","55,973","53,345","31,144","25,985","34,008","57,847","52,730","45,281",-,-,-,-,-,-,-,-,-,-,-,-,-,-,-,-,-,-,-,-,-,-,-,-,-,-,-,-,-,-,-,-,-,-,-,-,-,-,-,-,-,-,-,-,-,-,-,-,-,-,-,-,-,-,-,-,-,-,-,-,-,-,-,-,-,-,-,-,-,-,-,-,-,-,-,-,-,-,-,-,-,-,-,-,-,-,-,-,
부산광역시,동래구,충렬사,무료,측정,외국인,"2,278",412,-,-,-,-,-,-,100,111,65,55,57,24,769,76,30,3,7,42,95,62,52,102,107,110,83,"1,097",72,57,84,152,111,84,94,98,79,106,111,49,-,-,-,-,-,-,-,-,-,-,-,-,-,-,-,-,-,-,-,-,-,-,-,-,-,-,-,-,-,-,-,-,-,-,-,-,-,-,-,-,-,-,-,-,-,-,-,-,-,-,-,-,-,-,-,-,-,-,-,-,-,-,-,-,-,-,-,-,-,-,-,-,-,-,-,-,-,-,-,-,-,-,-,-,-,-,-,-,
부산광역시,동래구,충렬사,무료,측정,합계,"1,254,393","259,468",-,-,-,-,-,-,"25,638","19,655","22,231","59,601","70,841","61,502","497,066","28,620","31,695","40,217","45,160","44,456","44,987","32,169","31,853","32,906","55,568","55,139","54,296","497,859","35,023","25,504","34,687","45,600","56,084","53,429","31,238","26,083","34,087","57,953","52,841","45,330",-,-,-,-,-,-,-,-,-,-,-,-,-,-,-,-,-,-,-,-,-,-,-,-,-,-,-,-,-,-,-,-,-,-,-,-,-,-,-,-,-,-,-,-,-,-,-,-,-,-,-,-,-,-,-,-,-,-,-,-,-,-,-,-,-,-,-,-,-,-,-,-,-,-,-,-,-,-,-,-,-,-,-,-,-,-,-,-,
부산광역시,남구,부산시립박물관,유료,측정,내국인,"253,748","253,748","43,234","32,045","36,646","54,114","45,816","41,893",-,-,-,-,-,-,-,-,-,-,-,-,-,-,-,-,-,-,-,-,-,-,-,-,-,-,-,-,-,-,-,-,-,-,-,-,-,-,-,-,-,-,-,-,-,-,-,-,-,-,-,-,-,-,-,-,-,-,-,-,-,-,-,-,-,-,-,-,-,-,-,-,-,-,-,-,-,-,-,-,-,-,-,-,-,-,-,-,-,-,-,-,-,-,-,-,-,-,-,-,-,-,-,-,-,-,-,-,-,-,-,-,-,-,-,-,-,-,-,-,
부산광역시,남구,부산시립박물관,유료,측정,외국인,"8,428","8,428","1,138",882,"2,813","1,018","1,260","1,317",-,-,-,-,-,-,-,-,-,-,-,-,-,-,-,-,-,-,-,-,-,-,-,-,-,-,-,-,-,-,-,-,-,-,-,-,-,-,-,-,-,-,-,-,-,-,-,-,-,-,-,-,-,-,-,-,-,-,-,-,-,-,-,-,-,-,-,-,-,-,-,-,-,-,-,-,-,-,-,-,-,-,-,-,-,-,-,-,-,-,-,-,-,-,-,-,-,-,-,-,-,-,-,-,-,-,-,-,-,-,-,-,-,-,-,-,-,-,-,-,
부산광역시,남구,부산시립박물관,유료,측정,합계,"262,176","262,176","44,372","32,927","39,459","55,132","47,076","43,210",-,-,-,-,-,-,-,-,-,-,-,-,-,-,-,-,-,-,-,-,-,-,-,-,-,-,-,-,-,-,-,-,-,-,-,-,-,-,-,-,-,-,-,-,-,-,-,-,-,-,-,-,-,-,-,-,-,-,-,-,-,-,-,-,-,-,-,-,-,-,-,-,-,-,-,-,-,-,-,-,-,-,-,-,-,-,-,-,-,-,-,-,-,-,-,-,-,-,-,-,-,-,-,-,-,-,-,-,-,-,-,-,-,-,-,-,-,-,-,-,
부산광역시,남구,UN기념공원,무료,추정,내국인,"842,235","285,105","15,972","14,258","15,827","35,208","33,060","42,640","17,596","16,606","17,544","28,693","28,270","19,431","282,817","16,488","15,455","16,935","39,495","34,737","40,347","15,891","15,477","14,360","34,092","25,268","14,272","274,313","12,790","13,190","17,749","37,077","34,453","39,490","14,420","10,330","15,080","36,992","26,314","16,428",-,-,-,-,-,-,-,-,-,-,-,-,-,-,-,-,-,-,-,-,-,-,-,-,-,-,-,-,-,-,-,-,-,-,-,-,-,-,-,-,-,-,-,-,-,-,-,-,-,-,-,-,-,-,-,-,-,-,-,-,-,-,-,-,-,-,-,-,-,-,-,-,-,-,-,-,-,-,-,-,-,-,-,-,-,-,-,-,
부산광역시,남구,UN기념공원,무료,추정,합계,"842,235","285,105","15,972","14,258","15,827","35,208","33,060","42,640","17,596","16,606","17,544","28,693","28,270","19,431","282,817","16,488","15,455","16,935","39,495","34,737","40,347","15,891","15,477","14,360","34,092","25,268","14,272","274,313","12,790","13,190","17,749","37,077","34,453","39,490","14,420","10,330","15,080","36,992","26,314","16,428",-,-,-,-,-,-,-,-,-,-,-,-,-,-,-,-,-,-,-,-,-,-,-,-,-,-,-,-,-,-,-,-,-,-,-,-,-,-,-,-,-,-,-,-,-,-,-,-,-,-,-,-,-,-,-,-,-,-,-,-,-,-,-,-,-,-,-,-,-,-,-,-,-,-,-,-,-,-,-,-,-,-,-,-,-,-,-,-,
부산광역시,남구,부산시립박물관,무료,측정,내국인,"2,937,695","328,848",-,-,-,-,-,-,"40,053","54,405","53,132","63,689","54,303","63,266","323,739","43,202","42,267","42,030","31,899","21,647","19,667","16,120","27,418","20,655","23,758","22,575","12,501","780,238","41,281","11,286","39,622","63,656","19,061","26,261","342,988","54,043","52,755","22,075","57,788","49,422","545,255","43,473","29,647","38,296","53,736","15,021","10,491","40,407","56,036","52,124","80,457","70,276","55,291","195,760","15,659","10,794","12,324","16,783","15,375","14,371","14,410","23,661","20,822","22,033","14,511","15,017","167,164","14,604","10,844","11,116","17,104","23,086","5,264","10,837","15,688","16,399","18,558","12,814","10,850","153,526","9,905","7,145","6,633","15,906","21,024","14,400","12,376","15,848","13,658","14,686","10,603","11,342","153,272","10,932","7,230","9,434","13,669","12,935","10,483","11,491","16,743","15,764","15,809","14,066","14,716","159,939","8,818","7,828","8,928","11,682","13,470","13,400","11,687","15,274","21,421","18,404","15,547","13,480","129,954","12,254","12,428","12,785","15,862","16,304","14,126","10,587","18,968","16,640",
부산광역시,남구,부산시립박물관,무료,측정,외국인,"280,272","11,588",-,-,-,-,-,-,"1,632","2,031","2,133","1,801","2,164","1,827","14,944",810,907,"1,059",930,932,937,"1,115","4,034","1,173","1,464",899,684,"35,873","1,063",978,"1,503","2,018","1,193","3,162","14,759","5,064","1,948","1,482","1,525","1,178","47,487","1,237","1,274","1,794","4,521","2,059","7,833","2,481","7,825","4,213","5,738","5,004","3,508","27,456","1,191","1,417","1,964","2,196","1,932","2,287","3,334","3,658","2,739","2,572","2,535","1,631","26,136","1,809","2,136","2,176","2,531","2,963","1,234",764,"2,356","2,293","3,439","2,676","1,759","44,505","2,027","2,852","3,030","3,344","3,360","3,737","6,642","4,133","3,761","3,731","4,402","3,486","25,128","1,468","2,360","2,562","2,590","2,094","2,214","2,602","2,436","1,869","2,105","1,542","1,286","23,135","1,181","1,532","1,926","1,856","1,917","1,927","2,011","1,869","2,207","2,827","2,222","1,660","24,020","2,250","1,745","2,108","2,567","3,067","3,384","2,922","3,480","2,497",
부산광역시,남구,부산시립박물관,무료,측정,합계,"3,217,967","340,436",-,-,-,-,-,-,"41,685","56,436","55,265","65,490","56,467","65,093","338,683","44,012","43,174","43,089","32,829","22,579","20,604","17,235","31,452","21,828","25,222","23,474","13,185","816,111","42,344","12,264","41,125","65,674","20,254","29,423","357,747","59,107","54,703","23,557","59,313","50,600","592,742","44,710","30,921","40,090","58,257","17,080","18,324","42,888","63,861","56,337","86,195","75,280","58,799","223,216","16,850","12,211","14,288","18,979","17,307","16,658","17,744","27,319","23,561","24,605","17,046","16,648","193,300","16,413","12,980","13,292","19,635","26,049","6,498","11,601","18,044","18,692","21,997","15,490","12,609","198,031","11,932","9,997","9,663","19,250","24,384","18,137","19,018","19,981","17,419","18,417","15,005","14,828","178,400","12,400","9,590","11,996","16,259","15,029","12,697","14,093","19,179","17,633","17,914","15,608","16,002","183,074","9,999","9,360","10,854","13,538","15,387","15,327","13,698","17,143","23,628","21,231","17,769","15,140","153,974","14,504","14,173","14,893","18,429","19,371","17,510","13,509","22,448","19,137",
부산광역시,북구,구포국수체험관,유료,측정,내국인,"17,281",-,-,-,-,-,-,-,-,-,-,-,-,-,-,-,-,-,-,-,-,-,-,-,-,-,-,-,-,-,-,-,-,-,-,-,-,-,-,-,-,-,-,-,-,-,-,-,-,-,-,-,-,-,-,-,-,-,-,-,-,-,-,-,-,-,-,-,-,-,-,-,-,-,-,-,-,-,-,-,-,-,-,-,-,-,-,-,-,-,-,-,-,-,-,-,-,-,-,-,-,-,-,-,-,"9,707","1,066",744,620,748,506,733,809,"1,131",770,742,918,920,"7,574","1,132",950,686,711,865,663,849,"1,136",582,
부산광역시,북구,구포국수체험관,유료,측정,합계,"17,281",-,-,-,-,-,-,-,-,-,-,-,-,-,-,-,-,-,-,-,-,-,-,-,-,-,-,-,-,-,-,-,-,-,-,-,-,-,-,-,-,-,-,-,-,-,-,-,-,-,-,-,-,-,-,-,-,-,-,-,-,-,-,-,-,-,-,-,-,-,-,-,-,-,-,-,-,-,-,-,-,-,-,-,-,-,-,-,-,-,-,-,-,-,-,-,-,-,-,-,-,-,-,-,-,"9,707","1,066",744,620,748,506,733,809,"1,131",770,742,918,920,"7,574","1,132",950,686,711,865,663,849,"1,136",582,
부산광역시,북구,기후변화체험관,유료,측정,내국인,"180,690",-,-,-,-,-,-,-,-,-,-,-,-,-,-,-,-,-,-,-,-,-,-,-,-,-,-,-,-,-,-,-,-,-,-,-,-,-,-,-,-,-,-,-,-,-,-,-,-,-,-,-,-,-,-,-,-,-,-,-,-,-,-,-,-,-,-,-,-,-,-,-,-,-,-,-,-,-,-,-,-,-,-,-,-,-,-,-,-,-,-,-,-,-,-,-,-,-,-,-,-,-,-,-,-,"99,709","4,840","5,472","7,123","7,368","8,683","9,759","10,940","7,625","9,958","11,608","10,289","6,044","80,981","6,478","5,073","9,372","9,252","9,943","14,186","9,661","9,520","7,496",
부산광역시,북구,기후변화체험관,유료,측정,합계,"180,690",-,-,-,-,-,-,-,-,-,-,-,-,-,-,-,-,-,-,-,-,-,-,-,-,-,-,-,-,-,-,-,-,-,-,-,-,-,-,-,-,-,-,-,-,-,-,-,-,-,-,-,-,-,-,-,-,-,-,-,-,-,-,-,-,-,-,-,-,-,-,-,-,-,-,-,-,-,-,-,-,-,-,-,-,-,-,-,-,-,-,-,-,-,-,-,-,-,-,-,-,-,-,-,-,"99,709","4,840","5,472","7,123","7,368","8,683","9,759","10,940","7,625","9,958","11,608","10,289","6,044","80,981","6,478","5,073","9,372","9,252","9,943","14,186","9,661","9,520","7,496",
부산광역시,북구,문화빙상센터,유료,측정,내국인,"201,000",-,-,-,-,-,-,-,-,-,-,-,-,-,-,-,-,-,-,-,-,-,-,-,-,-,-,-,-,-,-,-,-,-,-,-,-,-,-,-,-,-,-,-,-,-,-,-,-,-,-,-,-,-,-,-,-,-,-,-,-,-,-,-,-,-,-,-,-,-,-,-,-,-,-,-,-,-,-,-,-,-,-,-,-,-,-,-,-,-,-,-,-,-,-,-,-,-,-,-,-,-,-,-,-,"130,178","21,803","19,622","12,695","7,519","6,450","6,544","10,992","14,129","6,695","6,181","7,725","9,823","70,822","14,208","8,263","4,828","5,433","6,769","7,554","7,725","9,968","6,074",
부산광역시,북구,문화빙상센터,유료,측정,합계,"201,000",-,-,-,-,-,-,-,-,-,-,-,-,-,-,-,-,-,-,-,-,-,-,-,-,-,-,-,-,-,-,-,-,-,-,-,-,-,-,-,-,-,-,-,-,-,-,-,-,-,-,-,-,-,-,-,-,-,-,-,-,-,-,-,-,-,-,-,-,-,-,-,-,-,-,-,-,-,-,-,-,-,-,-,-,-,-,-,-,-,-,-,-,-,-,-,-,-,-,-,-,-,-,-,-,"130,178","21,803","19,622","12,695","7,519","6,450","6,544","10,992","14,129","6,695","6,181","7,725","9,823","70,822","14,208","8,263","4,828","5,433","6,769","7,554","7,725","9,968","6,074",
부산광역시,북구,구포어린이교통공원,무료,측정,내국인,"53,619",-,-,-,-,-,-,-,-,-,-,-,-,-,-,-,-,-,-,-,-,-,-,-,-,-,-,-,-,-,-,-,-,-,-,-,-,-,-,-,-,-,-,-,-,-,-,-,-,-,-,-,-,-,-,-,-,-,-,-,-,-,-,-,-,-,-,-,-,-,-,-,-,-,-,-,-,-,-,-,-,-,-,-,-,-,-,-,-,-,-,-,-,-,-,-,-,-,-,-,-,-,-,-,-,-,-,-,-,-,-,-,-,-,-,-,-,-,"53,619","4,431","3,710","4,129","9,820","7,380","7,332","5,803","6,046","4,968",
부산광역시,북구,구포어린이교통공원,무료,측정,합계,"53,619",-,-,-,-,-,-,-,-,-,-,-,-,-,-,-,-,-,-,-,-,-,-,-,-,-,-,-,-,-,-,-,-,-,-,-,-,-,-,-,-,-,-,-,-,-,-,-,-,-,-,-,-,-,-,-,-,-,-,-,-,-,-,-,-,-,-,-,-,-,-,-,-,-,-,-,-,-,-,-,-,-,-,-,-,-,-,-,-,-,-,-,-,-,-,-,-,-,-,-,-,-,-,-,-,-,-,-,-,-,-,-,-,-,-,-,-,-,"53,619","4,431","3,710","4,129","9,820","7,380","7,332","5,803","6,046","4,968",
부산광역시,해운대구,M.Do 관광호텔,유료,측정,내국인,"32,488","11,280",890,860,930,950,970,"1,020",940,"1,050",960,940,830,940,"10,920",910,850,980,920,890,890,930,"1,020",840,910,870,910,"10,288",937,830,790,860,910,880,910,860,821,820,850,820,-,-,-,-,-,-,-,-,-,-,-,-,-,-,-,-,-,-,-,-,-,-,-,-,-,-,-,-,-,-,-,-,-,-,-,-,-,-,-,-,-,-,-,-,-,-,-,-,-,-,-,-,-,-,-,-,-,-,-,-,-,-,-,-,-,-,-,-,-,-,-,-,-,-,-,-,-,-,-,-,-,-,-,-,-,-,-,-,
부산광역시,해운대구,M.Do 관광호텔,유료,측정,외국인,"2,341",665,38,36,36,40,41,45,51,55,69,77,77,100,842,73,70,82,81,56,56,67,65,81,78,75,58,834,80,52,39,57,73,68,54,59,128,76,71,77,-,-,-,-,-,-,-,-,-,-,-,-,-,-,-,-,-,-,-,-,-,-,-,-,-,-,-,-,-,-,-,-,-,-,-,-,-,-,-,-,-,-,-,-,-,-,-,-,-,-,-,-,-,-,-,-,-,-,-,-,-,-,-,-,-,-,-,-,-,-,-,-,-,-,-,-,-,-,-,-,-,-,-,-,-,-,-,-,
부산광역시,해운대구,M.Do 관광호텔,유료,측정,합계,"34,829","11,945",928,896,966,990,"1,011","1,065",991,"1,105","1,029","1,017",907,"1,040","11,762",983,920,"1,062","1,001",946,946,997,"1,085",921,988,945,968,"11,122","1,017",882,829,917,983,948,964,919,949,896,921,897,-,-,-,-,-,-,-,-,-,-,-,-,-,-,-,-,-,-,-,-,-,-,-,-,-,-,-,-,-,-,-,-,-,-,-,-,-,-,-,-,-,-,-,-,-,-,-,-,-,-,-,-,-,-,-,-,-,-,-,-,-,-,-,-,-,-,-,-,-,-,-,-,-,-,-,-,-,-,-,-,-,-,-,-,-,-,-,-,
부산광역시,해운대구,노보텔부산,유료,측정,내국인,"185,951","44,921","3,383","2,738","3,290","3,735","3,740","2,727","4,760","5,209","3,594","3,658","3,400","4,687","68,126","4,340","4,322","2,853","3,989","4,351","4,077","10,289","6,641","3,778","8,051","7,901","7,534","72,904","5,736","3,951","4,225","4,816","3,211","4,082","9,457","11,733","6,828","8,194","4,531","6,140",-,-,-,-,-,-,-,-,-,-,-,-,-,-,-,-,-,-,-,-,-,-,-,-,-,-,-,-,-,-,-,-,-,-,-,-,-,-,-,-,-,-,-,-,-,-,-,-,-,-,-,-,-,-,-,-,-,-,-,-,-,-,-,-,-,-,-,-,-,-,-,-,-,-,-,-,-,-,-,-,-,-,-,-,-,-,-,-,
부산광역시,해운대구,노보텔부산,유료,측정,외국인,"32,478","8,551",924,588,835,619,752,"1,024",827,532,664,885,565,336,"11,059",373,514,796,859,864,626,799,267,452,"2,055","1,777","1,677","12,868","1,113",434,691,994,691,649,"1,611","1,629","1,876","1,894",728,558,-,-,-,-,-,-,-,-,-,-,-,-,-,-,-,-,-,-,-,-,-,-,-,-,-,-,-,-,-,-,-,-,-,-,-,-,-,-,-,-,-,-,-,-,-,-,-,-,-,-,-,-,-,-,-,-,-,-,-,-,-,-,-,-,-,-,-,-,-,-,-,-,-,-,-,-,-,-,-,-,-,-,-,-,-,-,-,-,
부산광역시,해운대구,노보텔부산,유료,측정,합계,"218,429","53,472","4,307","3,326","4,125","4,354","4,492","3,751","5,587","5,741","4,258","4,543","3,965","5,023","79,185","4,713","4,836","3,649","4,848","5,215","4,703","11,088","6,908","4,230","10,106","9,678","9,211","85,772","6,849","4,385","4,916","5,810","3,902","4,731","11,068","13,362","8,704","10,088","5,259","6,698",-,-,-,-,-,-,-,-,-,-,-,-,-,-,-,-,-,-,-,-,-,-,-,-,-,-,-,-,-,-,-,-,-,-,-,-,-,-,-,-,-,-,-,-,-,-,-,-,-,-,-,-,-,-,-,-,-,-,-,-,-,-,-,-,-,-,-,-,-,-,-,-,-,-,-,-,-,-,-,-,-,-,-,-,-,-,-,-,
부산광역시,해운대구,부산시립미술관,유료,측정,내국인,"1,457,923","585,468","26,254","55,307","22,820","57,651","91,957","26,998","28,393","30,510","63,037","108,925","54,202","19,414","373,937","8,667","4,536","13,203","23,580","35,531","51,415","34,363","53,141","29,676","44,449","40,747","34,629","498,518","9,110","4,762","13,863","52,847","45,908","50,759","25,365","16,396","27,636","117,916","103,045","30,911",-,-,-,-,-,-,-,-,-,-,-,-,-,-,-,-,-,-,-,-,-,-,-,-,-,-,-,-,-,-,-,-,-,-,-,-,-,-,-,-,-,-,-,-,-,-,-,-,-,-,-,-,-,-,-,-,-,-,-,-,-,-,-,-,-,-,-,-,-,-,-,-,-,-,-,-,-,-,-,-,-,-,-,-,-,-,-,-,
부산광역시,해운대구,부산시립미술관,유료,측정,외국인,"58,807","29,775","1,416","1,942",657,346,"1,512","7,562",816,479,"2,169","4,658","5,334","2,884","9,572",273,162,668,549,"1,133","2,701",912,765,940,550,499,420,"19,460",286,73,688,"1,351","1,135","1,282",896,945,765,"6,190","4,678","1,171",-,-,-,-,-,-,-,-,-,-,-,-,-,-,-,-,-,-,-,-,-,-,-,-,-,-,-,-,-,-,-,-,-,-,-,-,-,-,-,-,-,-,-,-,-,-,-,-,-,-,-,-,-,-,-,-,-,-,-,-,-,-,-,-,-,-,-,-,-,-,-,-,-,-,-,-,-,-,-,-,-,-,-,-,-,-,-,-,
부산광역시,해운대구,부산시립미술관,유료,측정,합계,"1,516,730","615,243","27,670","57,249","23,477","57,997","93,469","34,560","29,209","30,989","65,206","113,583","59,536","22,298","383,509","8,940","4,698","13,871","24,129","36,664","54,116","35,275","53,906","30,616","44,999","41,246","35,049","517,978","9,396","4,835","14,551","54,198","47,043","52,041","26,261","17,341","28,401","124,106","107,723","32,082",-,-,-,-,-,-,-,-,-,-,-,-,-,-,-,-,-,-,-,-,-,-,-,-,-,-,-,-,-,-,-,-,-,-,-,-,-,-,-,-,-,-,-,-,-,-,-,-,-,-,-,-,-,-,-,-,-,-,-,-,-,-,-,-,-,-,-,-,-,-,-,-,-,-,-,-,-,-,-,-,-,-,-,-,-,-,-,-,
부산광역시,해운대구,부산아쿠아리움,유료,측정,내국인,"557,790",-,-,-,-,-,-,-,-,-,-,-,-,-,-,-,-,-,-,-,-,-,-,-,-,-,-,-,-,-,-,-,-,-,-,-,-,-,-,-,-,-,-,-,-,-,-,-,-,-,-,-,-,-,-,-,-,-,-,-,-,-,-,-,-,-,-,-,-,-,-,-,-,-,-,-,-,-,-,-,-,-,-,-,-,-,-,-,-,-,-,-,-,-,-,-,-,-,-,-,-,-,-,-,-,-,-,-,-,-,-,-,-,-,-,-,-,-,"557,790","55,877","70,036","33,762","61,027","54,911","54,577","93,110","89,302","45,188",
부산광역시,해운대구,부산아쿠아리움,유료,측정,내국인,"4,261,612",-,-,-,-,-,-,-,-,-,-,-,-,-,-,-,-,-,-,-,-,-,-,-,-,-,-,-,-,-,-,-,-,-,-,-,-,-,-,-,-,-,-,-,-,-,-,-,-,-,-,-,-,"1,029,261","109,827","90,596","62,036","72,101","97,469","78,449","85,162","145,376","60,640","83,634","62,905","81,066","829,060","93,554","65,229","48,363","67,092","100,635","26,896","68,594","113,258","52,966","74,377","57,330","60,766","875,672","84,594","75,981","52,435","78,813","78,008","68,075","90,390","109,722","52,685","74,903","44,740","65,326","782,621","76,627","68,722","39,190","85,674","55,737","47,335","105,663","84,692","42,098","81,958","38,131","56,794","744,998","70,778","60,349","36,571","68,576","66,078","51,414","107,006","89,503","46,616","57,974","39,780","50,353",-,-,-,-,-,-,-,-,-,-,
부산광역시,해운대구,부산아쿠아리움,유료,측정,외국인,0,-,-,-,-,-,-,-,-,-,-,-,-,-,-,-,-,-,-,-,-,-,-,-,-,-,-,-,-,-,-,-,-,-,-,-,-,-,-,-,-,-,-,-,-,-,-,-,-,-,-,-,-,0,0,0,0,0,0,0,0,0,0,0,0,0,0,0,0,0,0,0,0,0,0,0,0,0,0,0,0,0,0,0,0,0,0,0,0,0,0,0,0,0,0,0,0,0,0,0,0,0,0,0,0,0,0,0,0,0,0,0,0,0,0,0,0,0,-,-,-,-,-,-,-,-,-,-,
부산광역시,해운대구,부산아쿠아리움,유료,측정,합계,"4,819,402",-,-,-,-,-,-,-,-,-,-,-,-,-,-,-,-,-,-,-,-,-,-,-,-,-,-,-,-,-,-,-,-,-,-,-,-,-,-,-,-,-,-,-,-,-,-,-,-,-,-,-,-,"1,029,261","109,827","90,596","62,036","72,101","97,469","78,449","85,162","145,376","60,640","83,634","62,905","81,066","829,060","93,554","65,229","48,363","67,092","100,635","26,896","68,594","113,258","52,966","74,377","57,330","60,766","875,672","84,594","75,981","52,435","78,813","78,008","68,075","90,390","109,722","52,685","74,903","44,740","65,326","782,621","76,627","68,722","39,190","85,674","55,737","47,335","105,663","84,692","42,098","81,958","38,131","56,794","744,998","70,778","60,349","36,571","68,576","66,078","51,414","107,006","89,503","46,616","57,974","39,780","50,353","557,790","55,877","70,036","33,762","61,027","54,911","54,577","93,110","89,302","45,188",
부산광역시,해운대구,부산웨스턴조선호텔,유료,측정,내국인,"168,733","49,205","4,014","2,980","3,976","3,848","4,434","2,782","5,059","6,451","3,226","3,490","3,313","5,632","61,886","4,220","4,513","3,668","5,105","4,750","4,028","4,732","5,644","4,132","6,172","6,172","8,750","57,642","6,012","4,480","3,788","4,368","5,178","4,277","4,277","7,158","4,150","5,047","2,487","6,420",-,-,-,-,-,-,-,-,-,-,-,-,-,-,-,-,-,-,-,-,-,-,-,-,-,-,-,-,-,-,-,-,-,-,-,-,-,-,-,-,-,-,-,-,-,-,-,-,-,-,-,-,-,-,-,-,-,-,-,-,-,-,-,-,-,-,-,-,-,-,-,-,-,-,-,-,-,-,-,-,-,-,-,-,-,-,-,-,
부산광역시,해운대구,부산웨스턴조선호텔,유료,측정,외국인,"61,172","24,504","2,134","2,139","3,721","3,227","3,212","2,053",994,995,"1,416","2,141","1,815",657,"21,374",806,696,"1,062","2,485","2,719","2,719",927,"1,032","1,194","3,752","2,509","1,473","15,294","1,403",674,"1,119","2,421","1,336","1,486","1,486",865,"1,128","1,499","1,061",816,-,-,-,-,-,-,-,-,-,-,-,-,-,-,-,-,-,-,-,-,-,-,-,-,-,-,-,-,-,-,-,-,-,-,-,-,-,-,-,-,-,-,-,-,-,-,-,-,-,-,-,-,-,-,-,-,-,-,-,-,-,-,-,-,-,-,-,-,-,-,-,-,-,-,-,-,-,-,-,-,-,-,-,-,-,-,-,-,
부산광역시,해운대구,부산웨스턴조선호텔,유료,측정,합계,"229,905","73,709","6,148","5,119","7,697","7,075","7,646","4,835","6,053","7,446","4,642","5,631","5,128","6,289","83,260","5,026","5,209","4,730","7,590","7,469","6,747","5,659","6,676","5,326","9,924","8,681","10,223","72,936","7,415","5,154","4,907","6,789","6,514","5,763","5,763","8,023","5,278","6,546","3,548","7,236",-,-,-,-,-,-,-,-,-,-,-,-,-,-,-,-,-,-,-,-,-,-,-,-,-,-,-,-,-,-,-,-,-,-,-,-,-,-,-,-,-,-,-,-,-,-,-,-,-,-,-,-,-,-,-,-,-,-,-,-,-,-,-,-,-,-,-,-,-,-,-,-,-,-,-,-,-,-,-,-,-,-,-,-,-,-,-,-,
부산광역시,해운대구,송정관광호텔,유료,측정,내국인,"37,377","10,140",934,721,702,610,621,699,"1,050","1,108",820,927,960,988,"14,181","1,154","1,204",817,"1,156","1,492","1,294","1,329","1,431","1,275","1,078",855,"1,096","13,056","1,188","1,240",841,937,"1,213","1,246","1,075","1,569",742,"1,074",799,"1,132",-,-,-,-,-,-,-,-,-,-,-,-,-,-,-,-,-,-,-,-,-,-,-,-,-,-,-,-,-,-,-,-,-,-,-,-,-,-,-,-,-,-,-,-,-,-,-,-,-,-,-,-,-,-,-,-,-,-,-,-,-,-,-,-,-,-,-,-,-,-,-,-,-,-,-,-,-,-,-,-,-,-,-,-,-,-,-,-,
부산광역시,해운대구,송정관광호텔,유료,측정,외국인,"7,552","2,333",245,370,63,55,79,50,156,149,188,608,247,123,"2,761",71,329,204,425,70,137,135,50,511,277,310,242,"2,458",73,339,205,503,229,182,215,118,149,110,302,33,-,-,-,-,-,-,-,-,-,-,-,-,-,-,-,-,-,-,-,-,-,-,-,-,-,-,-,-,-,-,-,-,-,-,-,-,-,-,-,-,-,-,-,-,-,-,-,-,-,-,-,-,-,-,-,-,-,-,-,-,-,-,-,-,-,-,-,-,-,-,-,-,-,-,-,-,-,-,-,-,-,-,-,-,-,-,-,-,
부산광역시,해운대구,송정관광호텔,유료,측정,합계,"44,929","12,473","1,179","1,091",765,665,700,749,"1,206","1,257","1,008","1,535","1,207","1,111","16,942","1,225","1,533","1,021","1,581","1,562","1,431","1,464","1,481","1,786","1,355","1,165","1,338","15,514","1,261","1,579","1,046","1,440","1,442","1,428","1,290","1,687",891,"1,184","1,101","1,165",-,-,-,-,-,-,-,-,-,-,-,-,-,-,-,-,-,-,-,-,-,-,-,-,-,-,-,-,-,-,-,-,-,-,-,-,-,-,-,-,-,-,-,-,-,-,-,-,-,-,-,-,-,-,-,-,-,-,-,-,-,-,-,-,-,-,-,-,-,-,-,-,-,-,-,-,-,-,-,-,-,-,-,-,-,-,-,-,
부산광역시,해운대구,파라다이스호텔부산,유료,측정,내국인,"446,174","130,286","9,727","8,932","6,586","8,648","10,634","9,559","15,597","21,384","8,997","9,183","9,221","11,818","156,148","10,514","10,509","7,159","9,200","11,295","11,144","15,582","20,280","9,459","18,619","16,137","16,250","159,740","16,473","9,853","8,644","8,911","11,803","10,714","18,211","25,341","10,955","12,743","10,915","15,177",-,-,-,-,-,-,-,-,-,-,-,-,-,-,-,-,-,-,-,-,-,-,-,-,-,-,-,-,-,-,-,-,-,-,-,-,-,-,-,-,-,-,-,-,-,-,-,-,-,-,-,-,-,-,-,-,-,-,-,-,-,-,-,-,-,-,-,-,-,-,-,-,-,-,-,-,-,-,-,-,-,-,-,-,-,-,-,-,
부산광역시,해운대구,파라다이스호텔부산,유료,측정,외국인,"255,085","74,477","4,730","4,723","6,086","6,144","6,678","6,443","6,440","5,322","5,854","10,097","7,083","4,877","93,745","5,395","6,287","6,102","6,080","6,802","6,215","5,842","7,041","7,297","15,408","13,839","7,437","86,863","7,004","5,538","7,511","8,253","7,353","10,222","6,784","7,124","7,667","7,268","7,379","4,760",-,-,-,-,-,-,-,-,-,-,-,-,-,-,-,-,-,-,-,-,-,-,-,-,-,-,-,-,-,-,-,-,-,-,-,-,-,-,-,-,-,-,-,-,-,-,-,-,-,-,-,-,-,-,-,-,-,-,-,-,-,-,-,-,-,-,-,-,-,-,-,-,-,-,-,-,-,-,-,-,-,-,-,-,-,-,-,-,
부산광역시,해운대구,파라다이스호텔부산,유료,측정,합계,"701,259","204,763","14,457","13,655","12,672","14,792","17,312","16,002","22,037","26,706","14,851","19,280","16,304","16,695","249,893","15,909","16,796","13,261","15,280","18,097","17,359","21,424","27,321","16,756","34,027","29,976","23,687","246,603","23,477","15,391","16,155","17,164","19,156","20,936","24,995","32,465","18,622","20,011","18,294","19,937",-,-,-,-,-,-,-,-,-,-,-,-,-,-,-,-,-,-,-,-,-,-,-,-,-,-,-,-,-,-,-,-,-,-,-,-,-,-,-,-,-,-,-,-,-,-,-,-,-,-,-,-,-,-,-,-,-,-,-,-,-,-,-,-,-,-,-,-,-,-,-,-,-,-,-,-,-,-,-,-,-,-,-,-,-,-,-,-,
부산광역시,해운대구,해운대 글로리콘도,유료,측정,내국인,"563,230","174,945","15,193","13,723","10,591","14,932","14,932","11,076","18,393","19,235","9,785","16,547","14,796","15,742","187,606","16,530","12,376","8,411","14,750","16,381","14,318","18,218","21,125","14,574","19,150","14,697","17,076","200,679","17,025","29,152","14,253","14,242","18,432","14,726","17,978","20,010","11,059","15,995","13,695","14,112",-,-,-,-,-,-,-,-,-,-,-,-,-,-,-,-,-,-,-,-,-,-,-,-,-,-,-,-,-,-,-,-,-,-,-,-,-,-,-,-,-,-,-,-,-,-,-,-,-,-,-,-,-,-,-,-,-,-,-,-,-,-,-,-,-,-,-,-,-,-,-,-,-,-,-,-,-,-,-,-,-,-,-,-,-,-,-,-,
부산광역시,해운대구,해운대 글로리콘도,유료,측정,외국인,"20,276","2,765",3,2,82,11,11,218,8,564,389,59,712,706,"15,278",692,"4,212","3,306",27,21,33,16,278,607,"4,909",721,456,"2,233",712,191,481,552,6,39,71,132,15,12,4,18,-,-,-,-,-,-,-,-,-,-,-,-,-,-,-,-,-,-,-,-,-,-,-,-,-,-,-,-,-,-,-,-,-,-,-,-,-,-,-,-,-,-,-,-,-,-,-,-,-,-,-,-,-,-,-,-,-,-,-,-,-,-,-,-,-,-,-,-,-,-,-,-,-,-,-,-,-,-,-,-,-,-,-,-,-,-,-,-,
부산광역시,해운대구,해운대 글로리콘도,유료,측정,합계,"583,506","177,710","15,196","13,725","10,673","14,943","14,943","11,294","18,401","19,799","10,174","16,606","15,508","16,448","202,884","17,222","16,588","11,717","14,777","16,402","14,351","18,234","21,403","15,181","24,059","15,418","17,532","202,912","17,737","29,343","14,734","14,794","18,438","14,765","18,049","20,142","11,074","16,007","13,699","14,130",-,-,-,-,-,-,-,-,-,-,-,-,-,-,-,-,-,-,-,-,-,-,-,-,-,-,-,-,-,-,-,-,-,-,-,-,-,-,-,-,-,-,-,-,-,-,-,-,-,-,-,-,-,-,-,-,-,-,-,-,-,-,-,-,-,-,-,-,-,-,-,-,-,-,-,-,-,-,-,-,-,-,-,-,-,-,-,-,
부산광역시,해운대구,해운대 한화리조트 부산,유료,측정,내국인,"993,929","325,410","28,778","25,893","17,931","25,368","26,301","22,965","33,906","36,342","20,170","30,840","25,506","31,410","273,521","46,829","39,105","29,241","30,747","30,975","29,109","34,923","32,592",-,-,-,-,"394,998","37,223","40,278","29,820","30,747","30,528","32,676","30,747","30,528","32,676","34,841","31,038","33,896",-,-,-,-,-,-,-,-,-,-,-,-,-,-,-,-,-,-,-,-,-,-,-,-,-,-,-,-,-,-,-,-,-,-,-,-,-,-,-,-,-,-,-,-,-,-,-,-,-,-,-,-,-,-,-,-,-,-,-,-,-,-,-,-,-,-,-,-,-,-,-,-,-,-,-,-,-,-,-,-,-,-,-,-,-,-,-,-,
부산광역시,해운대구,해운대 한화리조트 부산,유료,측정,외국인,"10,390",103,1,0,2,0,1,3,3,18,36,15,15,9,216,4,14,16,67,21,46,21,27,-,-,-,-,"10,071","9,610",19,32,67,2,56,67,58,56,49,-,55,-,-,-,-,-,-,-,-,-,-,-,-,-,-,-,-,-,-,-,-,-,-,-,-,-,-,-,-,-,-,-,-,-,-,-,-,-,-,-,-,-,-,-,-,-,-,-,-,-,-,-,-,-,-,-,-,-,-,-,-,-,-,-,-,-,-,-,-,-,-,-,-,-,-,-,-,-,-,-,-,-,-,-,-,-,-,-,-,
부산광역시,해운대구,해운대 한화리조트 부산,유료,측정,합계,"1,004,319","325,513","28,779","25,893","17,933","25,368","26,302","22,968","33,909","36,360","20,206","30,855","25,521","31,419","273,737","46,833","39,119","29,257","30,814","30,996","29,155","34,944","32,619",-,-,-,-,"405,069","46,833","40,297","29,852","30,814","30,530","32,732","30,814","30,586","32,732","34,890","31,038","33,951",-,-,-,-,-,-,-,-,-,-,-,-,-,-,-,-,-,-,-,-,-,-,-,-,-,-,-,-,-,-,-,-,-,-,-,-,-,-,-,-,-,-,-,-,-,-,-,-,-,-,-,-,-,-,-,-,-,-,-,-,-,-,-,-,-,-,-,-,-,-,-,-,-,-,-,-,-,-,-,-,-,-,-,-,-,-,-,-,
부산광역시,해운대구,해운대그랜드호텔,유료,측정,내국인,"176,798","51,197","3,994","3,560","3,395","4,073","3,847","3,191","4,667","6,834","3,503","4,284","4,046","5,803","63,967","4,948","3,197","3,444","3,980","5,396","5,058","6,354","7,572","4,635","6,534","5,461","7,388","61,634","4,830","5,599","4,207","9,057","4,739","3,604","4,635","5,398","4,635","4,591","4,663","5,676",-,-,-,-,-,-,-,-,-,-,-,-,-,-,-,-,-,-,-,-,-,-,-,-,-,-,-,-,-,-,-,-,-,-,-,-,-,-,-,-,-,-,-,-,-,-,-,-,-,-,-,-,-,-,-,-,-,-,-,-,-,-,-,-,-,-,-,-,-,-,-,-,-,-,-,-,-,-,-,-,-,-,-,-,-,-,-,-,
부산광역시,해운대구,해운대그랜드호텔,유료,측정,외국인,"182,645","27,646",931,"1,216","2,429","3,316","2,501","2,489","1,585","1,867","2,460","4,538","2,902","1,412","112,010","2,000","4,613","2,322","3,771","2,376","2,878","1,752","2,707","3,352","5,042","6,083","75,114","42,989","2,063","2,094","4,082","5,035","4,373","5,605","3,352","2,664","3,352","4,033","3,799","2,537",-,-,-,-,-,-,-,-,-,-,-,-,-,-,-,-,-,-,-,-,-,-,-,-,-,-,-,-,-,-,-,-,-,-,-,-,-,-,-,-,-,-,-,-,-,-,-,-,-,-,-,-,-,-,-,-,-,-,-,-,-,-,-,-,-,-,-,-,-,-,-,-,-,-,-,-,-,-,-,-,-,-,-,-,-,-,-,-,
부산광역시,해운대구,해운대그랜드호텔,유료,측정,합계,"359,443","78,843","4,925","4,776","5,824","7,389","6,348","5,680","6,252","8,701","5,963","8,822","6,948","7,215","175,977","6,948","7,810","5,766","7,751","7,772","7,936","8,106","10,279","7,987","11,576","11,544","82,502","104,623","6,893","7,693","8,289","14,092","9,112","9,209","7,987","8,062","7,987","8,624","8,462","8,213",-,-,-,-,-,-,-,-,-,-,-,-,-,-,-,-,-,-,-,-,-,-,-,-,-,-,-,-,-,-,-,-,-,-,-,-,-,-,-,-,-,-,-,-,-,-,-,-,-,-,-,-,-,-,-,-,-,-,-,-,-,-,-,-,-,-,-,-,-,-,-,-,-,-,-,-,-,-,-,-,-,-,-,-,-,-,-,-,
부산광역시,해운대구,호텔일루아,유료,측정,내국인,"48,278","13,592","1,109",885,852,"1,133",735,815,"1,277","1,711","1,059","1,163","1,384","1,469","16,957","1,395","1,365","1,305","1,401","1,433","1,499","1,837","1,656","1,060","1,714","1,096","1,196","17,729","1,436","1,919","1,370","1,412","1,425","1,512","1,888","1,681","1,108","1,702","1,089","1,187",-,-,-,-,-,-,-,-,-,-,-,-,-,-,-,-,-,-,-,-,-,-,-,-,-,-,-,-,-,-,-,-,-,-,-,-,-,-,-,-,-,-,-,-,-,-,-,-,-,-,-,-,-,-,-,-,-,-,-,-,-,-,-,-,-,-,-,-,-,-,-,-,-,-,-,-,-,-,-,-,-,-,-,-,-,-,-,-,
부산광역시,해운대구,호텔일루아,유료,측정,외국인,"4,227","1,056",64,46,89,47,140,144,50,24,64,163,115,110,"1,575",54,55,46,59,55,53,88,181,108,248,329,299,"1,596",59,56,48,48,49,56,73,186,168,236,328,289,-,-,-,-,-,-,-,-,-,-,-,-,-,-,-,-,-,-,-,-,-,-,-,-,-,-,-,-,-,-,-,-,-,-,-,-,-,-,-,-,-,-,-,-,-,-,-,-,-,-,-,-,-,-,-,-,-,-,-,-,-,-,-,-,-,-,-,-,-,-,-,-,-,-,-,-,-,-,-,-,-,-,-,-,-,-,-,-,
부산광역시,해운대구,호텔일루아,유료,측정,합계,"52,505","14,648","1,173",931,941,"1,180",875,959,"1,327","1,735","1,123","1,326","1,499","1,579","18,532","1,449","1,420","1,351","1,460","1,488","1,552","1,925","1,837","1,168","1,962","1,425","1,495","19,325","1,495","1,975","1,418","1,460","1,474","1,568","1,961","1,867","1,276","1,938","1,417","1,476",-,-,-,-,-,-,-,-,-,-,-,-,-,-,-,-,-,-,-,-,-,-,-,-,-,-,-,-,-,-,-,-,-,-,-,-,-,-,-,-,-,-,-,-,-,-,-,-,-,-,-,-,-,-,-,-,-,-,-,-,-,-,-,-,-,-,-,-,-,-,-,-,-,-,-,-,-,-,-,-,-,-,-,-,-,-,-,-,
부산광역시,해운대구,누리마루 APEC하우스,무료,측정,내국인,"10,831,774",-,-,-,-,-,-,-,-,-,-,-,-,-,-,-,-,-,-,-,-,-,-,-,-,-,-,-,-,-,-,-,-,-,-,-,-,-,-,-,-,-,-,-,-,-,-,-,-,-,-,-,-,"1,629,060","148,706","119,617","127,296","132,323","155,135","134,608","139,870","175,917","132,884","136,569","127,379","98,756","1,499,243","143,687","127,093","116,185","138,092","169,900","79,645","87,731","122,151","112,430","149,254","126,032","127,043","1,937,831","150,802","149,417","133,579","177,667","206,484","160,835","175,755","175,644","138,363","180,060","138,385","150,840","2,175,404","166,603","163,671","150,963","185,203","265,536","173,651","173,377","182,798","153,665","249,437","157,736","152,764","2,064,685","137,877","172,432","165,137","177,169","191,431","154,556","177,410","187,415","163,508","184,746","163,027","189,977","1,525,551","137,570","172,232","165,222","177,169","191,236","154,689","176,410","188,520","162,503",
부산광역시,해운대구,누리마루 APEC하우스,무료,측정,합계,"10,831,774",-,-,-,-,-,-,-,-,-,-,-,-,-,-,-,-,-,-,-,-,-,-,-,-,-,-,-,-,-,-,-,-,-,-,-,-,-,-,-,-,-,-,-,-,-,-,-,-,-,-,-,-,"1,629,060","148,706","119,617","127,296","132,323","155,135","134,608","139,870","175,917","132,884","136,569","127,379","98,756","1,499,243","143,687","127,093","116,185","138,092","169,900","79,645","87,731","122,151","112,430","149,254","126,032","127,043","1,937,831","150,802","149,417","133,579","177,667","206,484","160,835","175,755","175,644","138,363","180,060","138,385","150,840","2,175,404","166,603","163,671","150,963","185,203","265,536","173,651","173,377","182,798","153,665","249,437","157,736","152,764","2,064,685","137,877","172,432","165,137","177,169","191,431","154,556","177,410","187,415","163,508","184,746","163,027","189,977","1,525,551","137,570","172,232","165,222","177,169","191,236","154,689","176,410","188,520","162,503",
부산광역시,해운대구,해운대관광특구(해운대구),무료,추정,내국인,"61,773,565","21,594,156","579,483","522,816","455,731","541,950","488,777","476,370","6,144,913","6,990,469","4,058,880","472,006","405,480","457,281","18,200,074","502,200","450,800","393,700","467,550","418,624","406,500","5,703,600","7,496,000","1,050,000","467,500","398,900","444,700","21,979,335","615,758","507,720","456,647","590,100","852,000","995,000","6,183,500","9,667,000","745,000","507,360","396,100","463,150",-,-,-,-,-,-,-,-,-,-,-,-,-,-,-,-,-,-,-,-,-,-,-,-,-,-,-,-,-,-,-,-,-,-,-,-,-,-,-,-,-,-,-,-,-,-,-,-,-,-,-,-,-,-,-,-,-,-,-,-,-,-,-,-,-,-,-,-,-,-,-,-,-,-,-,-,-,-,-,-,-,-,-,-,-,-,-,-,
부산광역시,해운대구,해운대관광특구(해운대구),무료,추정,합계,"61,773,565","21,594,156","579,483","522,816","455,731","541,950","488,777","476,370","6,144,913","6,990,469","4,058,880","472,006","405,480","457,281","18,200,074","502,200","450,800","393,700","467,550","418,624","406,500","5,703,600","7,496,000","1,050,000","467,500","398,900","444,700","21,979,335","615,758","507,720","456,647","590,100","852,000","995,000","6,183,500","9,667,000","745,000","507,360","396,100","463,150",-,-,-,-,-,-,-,-,-,-,-,-,-,-,-,-,-,-,-,-,-,-,-,-,-,-,-,-,-,-,-,-,-,-,-,-,-,-,-,-,-,-,-,-,-,-,-,-,-,-,-,-,-,-,-,-,-,-,-,-,-,-,-,-,-,-,-,-,-,-,-,-,-,-,-,-,-,-,-,-,-,-,-,-,-,-,-,-,
부산광역시,사하구,감천문화마을,무료,측정,내국인,"10,880,096",-,-,-,-,-,-,-,-,-,-,-,-,-,-,-,-,-,-,-,-,-,-,-,-,-,-,-,-,-,-,-,-,-,-,-,-,-,-,-,-,-,-,-,-,-,-,-,-,-,-,-,-,"656,163",-,-,-,-,"80,430","66,395","72,057","93,509","58,873","78,184","92,046","114,669","1,381,361","148,525","146,674","110,321","109,724","156,087","93,716","105,778","137,038","82,747","104,421","83,113","103,217","1,841,323","153,260","174,843","121,599","149,708","161,346","156,957","173,797","195,817","130,697","149,500","125,105","148,694","2,050,297","162,038","184,587","149,833","164,580","257,191","174,926","166,552","184,339","142,493","194,197","132,627","136,934","2,570,521","125,782","148,348","162,951","269,968","260,727","221,091","203,402","225,999","205,711","273,422","230,760","242,360","2,380,431","224,243","287,758","260,096","317,372","310,293","260,438","246,785","255,309","218,137",
부산광역시,사하구,감천문화마을,무료,측정,합계,"10,880,096",-,-,-,-,-,-,-,-,-,-,-,-,-,-,-,-,-,-,-,-,-,-,-,-,-,-,-,-,-,-,-,-,-,-,-,-,-,-,-,-,-,-,-,-,-,-,-,-,-,-,-,-,"656,163",-,-,-,-,"80,430","66,395","72,057","93,509","58,873","78,184","92,046","114,669","1,381,361","148,525","146,674","110,321","109,724","156,087","93,716","105,778","137,038","82,747","104,421","83,113","103,217","1,841,323","153,260","174,843","121,599","149,708","161,346","156,957","173,797","195,817","130,697","149,500","125,105","148,694","2,050,297","162,038","184,587","149,833","164,580","257,191","174,926","166,552","184,339","142,493","194,197","132,627","136,934","2,570,521","125,782","148,348","162,951","269,968","260,727","221,091","203,402","225,999","205,711","273,422","230,760","242,360","2,380,431","224,243","287,758","260,096","317,372","310,293","260,438","246,785","255,309","218,137",
부산광역시,사하구,다대포 해수욕장,무료,추정,내국인,"11,216,468","4,373,033","18,700","33,050","52,720","59,000","109,650","120,280","1,073,103","2,180,910","558,140","117,065","34,570","15,845","3,334,005","19,040","22,510","27,275","61,245","66,055","81,135","820,900","1,526,295","457,300","166,750","47,950","37,550","3,509,430","18,335","20,435","26,060","63,645","81,400","133,500","1,202,950","1,221,500","405,500","250,300","48,180","37,625",-,-,-,-,-,-,-,-,-,-,-,-,-,-,-,-,-,-,-,-,-,-,-,-,-,-,-,-,-,-,-,-,-,-,-,-,-,-,-,-,-,-,-,-,-,-,-,-,-,-,-,-,-,-,-,-,-,-,-,-,-,-,-,-,-,-,-,-,-,-,-,-,-,-,-,-,-,-,-,-,-,-,-,-,-,-,-,-,
부산광역시,사하구,다대포 해수욕장,무료,추정,합계,"11,216,468","4,373,033","18,700","33,050","52,720","59,000","109,650","120,280","1,073,103","2,180,910","558,140","117,065","34,570","15,845","3,334,005","19,040","22,510","27,275","61,245","66,055","81,135","820,900","1,526,295","457,300","166,750","47,950","37,550","3,509,430","18,335","20,435","26,060","63,645","81,400","133,500","1,202,950","1,221,500","405,500","250,300","48,180","37,625",-,-,-,-,-,-,-,-,-,-,-,-,-,-,-,-,-,-,-,-,-,-,-,-,-,-,-,-,-,-,-,-,-,-,-,-,-,-,-,-,-,-,-,-,-,-,-,-,-,-,-,-,-,-,-,-,-,-,-,-,-,-,-,-,-,-,-,-,-,-,-,-,-,-,-,-,-,-,-,-,-,-,-,-,-,-,-,-,
부산광역시,금정구,스포원,유료,측정,내국인,"783,212",-,-,-,-,-,-,-,-,-,-,-,-,-,-,-,-,-,-,-,-,-,-,-,-,-,-,-,-,-,-,-,-,-,-,-,-,-,-,-,-,-,-,-,-,-,-,-,-,-,-,-,-,-,-,-,-,-,-,-,-,-,-,-,-,-,-,-,-,-,-,-,-,-,-,-,-,-,-,-,-,-,-,-,-,-,-,-,-,-,-,-,-,-,-,-,-,-,-,-,-,-,-,-,-,-,-,-,-,-,-,-,-,-,-,-,-,-,"783,212","83,740","86,065","95,506","84,911","89,411","83,603","98,390","76,195","85,391",
부산광역시,금정구,스포원,유료,측정,합계,"783,212",-,-,-,-,-,-,-,-,-,-,-,-,-,-,-,-,-,-,-,-,-,-,-,-,-,-,-,-,-,-,-,-,-,-,-,-,-,-,-,-,-,-,-,-,-,-,-,-,-,-,-,-,-,-,-,-,-,-,-,-,-,-,-,-,-,-,-,-,-,-,-,-,-,-,-,-,-,-,-,-,-,-,-,-,-,-,-,-,-,-,-,-,-,-,-,-,-,-,-,-,-,-,-,-,-,-,-,-,-,-,-,-,-,-,-,-,-,"783,212","83,740","86,065","95,506","84,911","89,411","83,603","98,390","76,195","85,391",
부산광역시,금정구,금정산성,무료,추정,내국인,"7,884,327","2,680,152","162,185","200,854","246,740","410,240","271,210","246,675","203,351","220,893","289,418","133,595","149,510","145,481","2,597,825","168,315","214,781","257,793","233,363","263,606","243,510","234,647","228,005","294,495","148,455","155,090","155,765","2,606,350","195,868","229,214","275,725","225,705","219,074","218,960","233,736","228,460","312,230","148,565","156,604","162,209",-,-,-,-,-,-,-,-,-,-,-,-,-,-,-,-,-,-,-,-,-,-,-,-,-,-,-,-,-,-,-,-,-,-,-,-,-,-,-,-,-,-,-,-,-,-,-,-,-,-,-,-,-,-,-,-,-,-,-,-,-,-,-,-,-,-,-,-,-,-,-,-,-,-,-,-,-,-,-,-,-,-,-,-,-,-,-,-,
부산광역시,금정구,금정산성,무료,추정,합계,"7,884,327","2,680,152","162,185","200,854","246,740","410,240","271,210","246,675","203,351","220,893","289,418","133,595","149,510","145,481","2,597,825","168,315","214,781","257,793","233,363","263,606","243,510","234,647","228,005","294,495","148,455","155,090","155,765","2,606,350","195,868","229,214","275,725","225,705","219,074","218,960","233,736","228,460","312,230","148,565","156,604","162,209",-,-,-,-,-,-,-,-,-,-,-,-,-,-,-,-,-,-,-,-,-,-,-,-,-,-,-,-,-,-,-,-,-,-,-,-,-,-,-,-,-,-,-,-,-,-,-,-,-,-,-,-,-,-,-,-,-,-,-,-,-,-,-,-,-,-,-,-,-,-,-,-,-,-,-,-,-,-,-,-,-,-,-,-,-,-,-,-,
부산광역시,금정구,범어사,무료,추정,내국인,"4,536,165","1,459,607","88,906","128,535","133,705","127,730","141,965","100,298","98,289","128,271","136,218","132,428","124,376","118,886","1,563,343","107,680","138,777","140,557","131,064","144,298","111,590","117,341","130,914","135,350","144,496","128,736","132,540","1,513,215","120,279","139,408","127,829","108,471","138,275","106,230","108,795","120,551","134,400","140,925","130,191","137,861",-,-,-,-,-,-,-,-,-,-,-,-,-,-,-,-,-,-,-,-,-,-,-,-,-,-,-,-,-,-,-,-,-,-,-,-,-,-,-,-,-,-,-,-,-,-,-,-,-,-,-,-,-,-,-,-,-,-,-,-,-,-,-,-,-,-,-,-,-,-,-,-,-,-,-,-,-,-,-,-,-,-,-,-,-,-,-,-,
부산광역시,금정구,범어사,무료,추정,합계,"4,536,165","1,459,607","88,906","128,535","133,705","127,730","141,965","100,298","98,289","128,271","136,218","132,428","124,376","118,886","1,563,343","107,680","138,777","140,557","131,064","144,298","111,590","117,341","130,914","135,350","144,496","128,736","132,540","1,513,215","120,279","139,408","127,829","108,471","138,275","106,230","108,795","120,551","134,400","140,925","130,191","137,861",-,-,-,-,-,-,-,-,-,-,-,-,-,-,-,-,-,-,-,-,-,-,-,-,-,-,-,-,-,-,-,-,-,-,-,-,-,-,-,-,-,-,-,-,-,-,-,-,-,-,-,-,-,-,-,-,-,-,-,-,-,-,-,-,-,-,-,-,-,-,-,-,-,-,-,-,-,-,-,-,-,-,-,-,-,-,-,-,
부산광역시,강서구,한국마사회 렛츠런파크 부산경남,유료,측정,내국인,"5,980,058",-,-,-,-,-,-,-,-,-,-,-,-,-,-,-,-,-,-,-,-,-,-,-,-,-,-,-,-,-,-,-,-,-,-,-,-,-,-,-,-,-,-,-,-,-,-,-,-,-,-,-,-,"1,715,638","85,923","67,145","108,895","51,849","100,917","94,492","770,106","111,701","76,004","94,373","86,137","68,096","867,684","80,247","49,325","89,570","74,116","98,660","64,844","73,079","89,965","54,726","80,887","61,951","50,314","1,029,611","93,315","59,890","74,187","100,464","99,871","82,744","102,015","82,055","69,166","110,666","70,073","85,165","981,213","54,497","74,566","84,064","99,928","95,084","86,286","93,509","83,592","87,213","68,990","69,148","84,336","906,717","67,515","50,606","84,643","86,361","89,810","89,080","81,252","77,331","68,295","71,399","69,229","71,196","479,195","65,380","53,157","90,664","83,059","89,981","96,954",-,-,-,
부산광역시,강서구,한국마사회 렛츠런파크 부산경남,유료,측정,외국인,0,-,-,-,-,-,-,-,-,-,-,-,-,-,-,-,-,-,-,-,-,-,-,-,-,-,-,-,-,-,-,-,-,-,-,-,-,-,-,-,-,-,-,-,-,-,-,-,-,-,-,-,-,0,0,0,0,0,0,0,0,0,0,0,0,0,0,0,0,0,0,0,0,0,0,0,0,0,0,0,0,0,0,0,0,0,0,0,0,0,0,0,0,0,0,0,0,0,0,0,0,0,0,0,0,0,0,0,0,0,0,0,0,0,0,0,0,0,0,0,0,0,0,0,0,-,-,-,
부산광역시,강서구,한국마사회 렛츠런파크 부산경남,유료,측정,합계,"5,980,058",-,-,-,-,-,-,-,-,-,-,-,-,-,-,-,-,-,-,-,-,-,-,-,-,-,-,-,-,-,-,-,-,-,-,-,-,-,-,-,-,-,-,-,-,-,-,-,-,-,-,-,-,"1,715,638","85,923","67,145","108,895","51,849","100,917","94,492","770,106","111,701","76,004","94,373","86,137","68,096","867,684","80,247","49,325","89,570","74,116","98,660","64,844","73,079","89,965","54,726","80,887","61,951","50,314","1,029,611","93,315","59,890","74,187","100,464","99,871","82,744","102,015","82,055","69,166","110,666","70,073","85,165","981,213","54,497","74,566","84,064","99,928","95,084","86,286","93,509","83,592","87,213","68,990","69,148","84,336","906,717","67,515","50,606","84,643","86,361","89,810","89,080","81,252","77,331","68,295","71,399","69,229","71,196","479,195","65,380","53,157","90,664","83,059","89,981","96,954",-,-,-,
부산광역시,수영구,광안리 해수욕장,무료,추정,내국인,"45,250,361","15,124,016","64,653","94,874","70,550","69,600","108,575","1,016,540","5,404,000","7,640,000","111,843","323,520","99,651","120,210","15,123,107","79,177","109,287","82,639","70,196","106,786","138,812","6,028,590","7,776,186","140,495","366,039","100,589","124,311","15,003,238","81,142","99,010","85,230","71,354","106,420","143,295","5,660,890","8,053,145","136,800","330,827","101,144","133,981",-,-,-,-,-,-,-,-,-,-,-,-,-,-,-,-,-,-,-,-,-,-,-,-,-,-,-,-,-,-,-,-,-,-,-,-,-,-,-,-,-,-,-,-,-,-,-,-,-,-,-,-,-,-,-,-,-,-,-,-,-,-,-,-,-,-,-,-,-,-,-,-,-,-,-,-,-,-,-,-,-,-,-,-,-,-,-,-,
부산광역시,수영구,광안리 해수욕장,무료,추정,합계,"45,250,361","15,124,016","64,653","94,874","70,550","69,600","108,575","1,016,540","5,404,000","7,640,000","111,843","323,520","99,651","120,210","15,123,107","79,177","109,287","82,639","70,196","106,786","138,812","6,028,590","7,776,186","140,495","366,039","100,589","124,311","15,003,238","81,142","99,010","85,230","71,354","106,420","143,295","5,660,890","8,053,145","136,800","330,827","101,144","133,981",-,-,-,-,-,-,-,-,-,-,-,-,-,-,-,-,-,-,-,-,-,-,-,-,-,-,-,-,-,-,-,-,-,-,-,-,-,-,-,-,-,-,-,-,-,-,-,-,-,-,-,-,-,-,-,-,-,-,-,-,-,-,-,-,-,-,-,-,-,-,-,-,-,-,-,-,-,-,-,-,-,-,-,-,-,-,-,-,
부산광역시,수영구,금련산 청소년수련소,무료,추정,내국인,"630,419","198,943","11,704","11,544","11,757","19,713","21,795","16,378","15,982","12,589","10,290","27,720","18,628","20,843","200,259","15,110","15,363","20,165","18,597","18,602","16,071","14,269","13,688","12,980","30,434","13,312","11,668","231,217","15,976","16,248","20,211","21,825","19,577","22,740","25,531","19,631","11,750","25,495","15,928","16,305",-,-,-,-,-,-,-,-,-,-,-,-,-,-,-,-,-,-,-,-,-,-,-,-,-,-,-,-,-,-,-,-,-,-,-,-,-,-,-,-,-,-,-,-,-,-,-,-,-,-,-,-,-,-,-,-,-,-,-,-,-,-,-,-,-,-,-,-,-,-,-,-,-,-,-,-,-,-,-,-,-,-,-,-,-,-,-,-,
부산광역시,수영구,금련산 청소년수련소,무료,추정,합계,"630,419","198,943","11,704","11,544","11,757","19,713","21,795","16,378","15,982","12,589","10,290","27,720","18,628","20,843","200,259","15,110","15,363","20,165","18,597","18,602","16,071","14,269","13,688","12,980","30,434","13,312","11,668","231,217","15,976","16,248","20,211","21,825","19,577","22,740","25,531","19,631","11,750","25,495","15,928","16,305",-,-,-,-,-,-,-,-,-,-,-,-,-,-,-,-,-,-,-,-,-,-,-,-,-,-,-,-,-,-,-,-,-,-,-,-,-,-,-,-,-,-,-,-,-,-,-,-,-,-,-,-,-,-,-,-,-,-,-,-,-,-,-,-,-,-,-,-,-,-,-,-,-,-,-,-,-,-,-,-,-,-,-,-,-,-,-,-,
부산광역시,기장군,국립부산과학관,유료,측정,내국인,"3,663,961",-,-,-,-,-,-,-,-,-,-,-,-,-,-,-,-,-,-,-,-,-,-,-,-,-,-,-,-,-,-,-,-,-,-,-,-,-,-,-,-,-,-,-,-,-,-,-,-,-,-,-,-,-,-,-,-,-,-,-,-,-,-,-,-,-,-,-,-,-,-,-,-,-,-,-,-,-,-,"936,583","139,774","86,944","54,267","77,048","73,823","50,555","75,558","106,941","58,857","96,979","53,625","62,212","908,553","64,531","54,126","42,021","71,136","69,921","45,952","83,359","141,426","63,084","117,865","74,040","81,092","1,066,814","107,335","87,485","77,887","112,251","88,163","60,532","69,120","112,751","77,985","96,142","83,715","93,448","752,011","102,316","88,808","84,181","102,529","94,529","54,060","61,076","98,449","66,063",
부산광역시,기장군,국립부산과학관,유료,측정,합계,"3,663,961",-,-,-,-,-,-,-,-,-,-,-,-,-,-,-,-,-,-,-,-,-,-,-,-,-,-,-,-,-,-,-,-,-,-,-,-,-,-,-,-,-,-,-,-,-,-,-,-,-,-,-,-,-,-,-,-,-,-,-,-,-,-,-,-,-,-,-,-,-,-,-,-,-,-,-,-,-,-,"936,583","139,774","86,944","54,267","77,048","73,823","50,555","75,558","106,941","58,857","96,979","53,625","62,212","908,553","64,531","54,126","42,021","71,136","69,921","45,952","83,359","141,426","63,084","117,865","74,040","81,092","1,066,814","107,335","87,485","77,887","112,251","88,163","60,532","69,120","112,751","77,985","96,142","83,715","93,448","752,011","102,316","88,808","84,181","102,529","94,529","54,060","61,076","98,449","66,063",
부산광역시,기장군,아홉산숲,유료,측정,내국인,"94,398",-,-,-,-,-,-,-,-,-,-,-,-,-,-,-,-,-,-,-,-,-,-,-,-,-,-,-,-,-,-,-,-,-,-,-,-,-,-,-,-,-,-,-,-,-,-,-,-,-,-,-,-,-,-,-,-,-,-,-,-,-,-,-,-,-,-,-,-,-,-,-,-,-,-,-,-,-,-,-,-,-,-,-,-,-,-,-,-,-,-,-,-,-,-,-,-,-,-,-,-,-,-,-,-,-,-,-,-,-,-,-,-,-,-,-,-,-,"94,398","9,730","8,453","9,425","10,221","13,711","12,433","11,127","9,087","10,211",
부산광역시,기장군,아홉산숲,유료,측정,합계,"94,398",-,-,-,-,-,-,-,-,-,-,-,-,-,-,-,-,-,-,-,-,-,-,-,-,-,-,-,-,-,-,-,-,-,-,-,-,-,-,-,-,-,-,-,-,-,-,-,-,-,-,-,-,-,-,-,-,-,-,-,-,-,-,-,-,-,-,-,-,-,-,-,-,-,-,-,-,-,-,-,-,-,-,-,-,-,-,-,-,-,-,-,-,-,-,-,-,-,-,-,-,-,-,-,-,-,-,-,-,-,-,-,-,-,-,-,-,-,"94,398","9,730","8,453","9,425","10,221","13,711","12,433","11,127","9,087","10,211",
부산광역시,기장군,일광 해수욕장,무료,추정,내국인,"803,800","179,900",-,-,-,-,-,-,"53,200","126,700",-,-,-,-,"269,550",-,-,-,-,-,-,"79,550","190,000",-,-,-,-,"354,350",-,-,-,-,-,-,"121,100","233,250",-,-,-,-,-,-,-,-,-,-,-,-,-,-,-,-,-,-,-,-,-,-,-,-,-,-,-,-,-,-,-,-,-,-,-,-,-,-,-,-,-,-,-,-,-,-,-,-,-,-,-,-,-,-,-,-,-,-,-,-,-,-,-,-,-,-,-,-,-,-,-,-,-,-,-,-,-,-,-,-,-,-,-,-,-,-,-,-,-,-,-,-,
부산광역시,기장군,일광 해수욕장,무료,추정,합계,"803,800","179,900",-,-,-,-,-,-,"53,200","126,700",-,-,-,-,"269,550",-,-,-,-,-,-,"79,550","190,000",-,-,-,-,"354,350",-,-,-,-,-,-,"121,100","233,250",-,-,-,-,-,-,-,-,-,-,-,-,-,-,-,-,-,-,-,-,-,-,-,-,-,-,-,-,-,-,-,-,-,-,-,-,-,-,-,-,-,-,-,-,-,-,-,-,-,-,-,-,-,-,-,-,-,-,-,-,-,-,-,-,-,-,-,-,-,-,-,-,-,-,-,-,-,-,-,-,-,-,-,-,-,-,-,-,-,-,-,-,
부산광역시,기장군,해동용궁사,무료,측정,내국인,"806,074",-,-,-,-,-,-,-,-,-,-,-,-,-,-,-,-,-,-,-,-,-,-,-,-,-,-,-,-,-,-,-,-,-,-,-,-,-,-,-,-,-,-,-,-,-,-,-,-,-,-,-,-,"806,074",-,-,-,-,"85,111","92,237","151,485","236,410","152,904","87,927",-,-,-,-,-,-,-,-,-,-,-,-,-,-,-,-,-,-,-,-,-,-,-,-,-,-,-,-,-,-,-,-,-,-,-,-,-,-,-,-,-,-,-,-,-,-,-,-,-,-,-,-,-,-,-,-,-,-,-,-,-,-,-,-,
부산광역시,기장군,해동용궁사,무료,측정,합계,"806,074",-,-,-,-,-,-,-,-,-,-,-,-,-,-,-,-,-,-,-,-,-,-,-,-,-,-,-,-,-,-,-,-,-,-,-,-,-,-,-,-,-,-,-,-,-,-,-,-,-,-,-,-,"806,074",-,-,-,-,"85,111","92,237","151,485","236,410","152,904","87,927",-,-,-,-,-,-,-,-,-,-,-,-,-,-,-,-,-,-,-,-,-,-,-,-,-,-,-,-,-,-,-,-,-,-,-,-,-,-,-,-,-,-,-,-,-,-,-,-,-,-,-,-,-,-,-,-,-,-,-,-,-,-,-,-,
